26231081	1244653620	1	1	http://mars-dev.skplanet.com/storage/v1.0/dev_smteditor/26231081/clip/f3Ph0dS.jpg	/data1/upload/st/editorImg/2018/03/07/26231081/f3Ph0dS.jpg
26231081	1244653620	1	2	http://mars-dev.skplanet.com/storage/v1.0/dev_smteditor/26231081/clip/6Bod5SF.jpg	/data1/upload/st/editorImg/2018/03/07/26231081/6Bod5SF.jpg
26231081	1244653620	1	3	http://mars-dev.skplanet.com/storage/v1.0/dev_smteditor/26231081/clip/4fDCMZK.jpg	/data1/upload/st/editorImg/2018/03/07/26231081/4fDCMZK.jpg
26231081	1244653620	1	4	http://mars-dev.skplanet.com/storage/v1.0/dev_smteditor/26231081/clip/dwYX36I.jpg	/data1/upload/st/editorImg/2018/03/07/26231081/dwYX36I.jpg
26231081	1244653620	1	5	http://mars-dev.skplanet.com/storage/v1.0/dev_smteditor/26231081/clip/1xt18Nn.jpg	/data1/upload/st/editorImg/2018/03/07/26231081/1xt18Nn.jpg
26231081	1244653620	1	6	http://mars-dev.skplanet.com/storage/v1.0/dev_smteditor/26231081/clip/8aEqKdi.jpg	/data1/upload/st/editorImg/2018/03/07/26231081/8aEqKdi.jpg
26231081	1244653620	1	7	http://mars-dev.skplanet.com/storage/v1.0/dev_smteditor/26231081/clip/2Udmksw.jpg	/data1/upload/st/editorImg/2018/03/07/26231081/2Udmksw.jpg
26231081	1244653621	1	1	http://mars-dev.skplanet.com/storage/v1.0/dev_smteditor/26231081/clip/8HjUiJf.jpg	/data1/upload/st/editorImg/2018/03/07/26231081/8HjUiJf.jpg
26231081	1244653621	1	2	http://mars-dev.skplanet.com/storage/v1.0/dev_smteditor/26231081/clip/ai1h5M5.jpg	/data1/upload/st/editorImg/2018/03/07/26231081/ai1h5M5.jpg
26231081	1244653621	1	3	http://mars-dev.skplanet.com/storage/v1.0/dev_smteditor/26231081/clip/695bWqA.jpg	/data1/upload/st/editorImg/2018/03/07/26231081/695bWqA.jpg
26231081	1244653621	1	4	http://mars-dev.skplanet.com/storage/v1.0/dev_smteditor/26231081/clip/hAlFSE5.jpg	/data1/upload/st/editorImg/2018/03/07/26231081/hAlFSE5.jpg
26231081	1244653621	1	5	http://mars-dev.skplanet.com/storage/v1.0/dev_smteditor/26231081/clip/qXzGsD.jpg	/data1/upload/st/editorImg/2018/03/07/26231081/qXzGsD.jpg
26231081	1244653621	1	6	http://mars-dev.skplanet.com/storage/v1.0/dev_smteditor/26231081/clip/ahQuJF8.jpg	/data1/upload/st/editorImg/2018/03/07/26231081/ahQuJF8.jpg
39951242	1244926673	1	1	http://mars-dev.skplanet.com/group/v1.0/dev_Group-seller/KRY122HD8S/clip/fbcw1et.jpg	/data1/upload/st/editorImg/2018/03/07/39951242/fbcw1et.jpg
39951242	1244926673	1	2	http://mars-dev.skplanet.com/group/v1.0/dev_Group-seller/KRY122HD8S/clip/3VbS7V4.jpg	/data1/upload/st/editorImg/2018/03/07/39951242/3VbS7V4.jpg
39951242	1244926673	1	3	http://mars-dev.skplanet.com/group/v1.0/dev_Group-seller/KRY122HD8S/clip/94gAVIP.jpg	/data1/upload/st/editorImg/2018/03/07/39951242/94gAVIP.jpg
39951242	1244926673	1	4	http://mars-dev.skplanet.com/group/v1.0/dev_Group-seller/KRY122HD8S/clip/gwpW1Aa.jpg	/data1/upload/st/editorImg/2018/03/07/39951242/gwpW1Aa.jpg
39951242	1244926673	1	5	http://mars-dev.skplanet.com/group/v1.0/dev_Group-seller/KRY122HD8S/clip/elEnCBf.jpg	/data1/upload/st/editorImg/2018/03/07/39951242/elEnCBf.jpg
39951242	1244926673	1	6	http://mars-dev.skplanet.com/group/v1.0/dev_Group-seller/KRY122HD8S/clip/aWnrADY.jpg	/data1/upload/st/editorImg/2018/03/07/39951242/aWnrADY.jpg
39951242	1244926673	1	7	http://mars-dev.skplanet.com/group/v1.0/dev_Group-seller/KRY122HD8S/clip/4AdCVvz.jpg	/data1/upload/st/editorImg/2018/03/07/39951242/4AdCVvz.jpg
26231081	1244945970	1	1	http://mars-dev.skplanet.com/group/v1.0/dev_Group-seller/26231081/clip/bFd5FO0.jpg	/data1/upload/st/editorImg/2018/03/07/26231081/bFd5FO0.jpg
26231081	1244945970	1	2	http://mars-dev.skplanet.com/group/v1.0/dev_Group-seller/26231081/clip/38lX5r6.jpg	/data1/upload/st/editorImg/2018/03/07/26231081/38lX5r6.jpg
26231081	1244945970	1	3	http://mars-dev.skplanet.com/group/v1.0/dev_Group-seller/26231081/clip/dXm7Oyn.jpg	/data1/upload/st/editorImg/2018/03/07/26231081/dXm7Oyn.jpg
26231081	1244945970	1	4	http://mars-dev.skplanet.com/group/v1.0/dev_Group-seller/26231081/clip/afE3Dur.jpg	/data1/upload/st/editorImg/2018/03/07/26231081/afE3Dur.jpg
26231081	1244945971	1	1	http://mars-dev.skplanet.com/group/v1.0/dev_Group-seller/26231081/clip/ewUZE9D.jpg	/data1/upload/st/editorImg/2018/03/07/26231081/ewUZE9D.jpg
26231081	1244945971	1	2	http://mars-dev.skplanet.com/group/v1.0/dev_Group-seller/26231081/clip/2oIxTNS.jpg	/data1/upload/st/editorImg/2018/03/07/26231081/2oIxTNS.jpg
26231081	1244945971	1	3	http://mars-dev.skplanet.com/group/v1.0/dev_Group-seller/26231081/clip/rlUPsD.jpg	/data1/upload/st/editorImg/2018/03/07/26231081/rlUPsD.jpg
26231081	1244945971	1	4	http://mars-dev.skplanet.com/group/v1.0/dev_Group-seller/26231081/clip/bfzNmBz.jpg	/data1/upload/st/editorImg/2018/03/07/26231081/bfzNmBz.jpg
26231081	1244945972	1	1	http://mars-dev.skplanet.com/group/v1.0/dev_Group-seller/KRY121M3TX/clip/51A55fE.jpg	/data1/upload/st/editorImg/2018/03/07/26231081/51A55fE.jpg
26231081	1244945972	1	2	http://mars-dev.skplanet.com/group/v1.0/dev_Group-seller/KRY121M3TX/clip/aBWZybS.jpg	/data1/upload/st/editorImg/2018/03/07/26231081/aBWZybS.jpg
26231081	1244945972	1	3	http://mars-dev.skplanet.com/group/v1.0/dev_Group-seller/KRY121M3TX/clip/4wF2K5s.jpg	/data1/upload/st/editorImg/2018/03/07/26231081/4wF2K5s.jpg
26231081	1244945972	1	4	http://mars-dev.skplanet.com/group/v1.0/dev_Group-seller/KRY121M3TX/clip/f3kI5k.jpg	/data1/upload/st/editorImg/2018/03/07/26231081/f3kI5k.jpg
26231081	1244945991	1	1	http://mars-dev.skplanet.com/storage/v1.0/dev_smteditor/26231081/clip/cP60InG.jpg	/data1/upload/st/editorImg/2018/03/07/26231081/cP60InG.jpg
26231081	1244945991	1	2	http://mars-dev.skplanet.com/storage/v1.0/dev_smteditor/26231081/clip/fpA0z4U.jpg	/data1/upload/st/editorImg/2018/03/07/26231081/fpA0z4U.jpg
26231081	1244945991	1	3	http://mars-dev.skplanet.com/storage/v1.0/dev_smteditor/26231081/clip/4512zG2.jpg	/data1/upload/st/editorImg/2018/03/07/26231081/4512zG2.jpg
26231081	1244945991	1	4	http://mars-dev.skplanet.com/storage/v1.0/dev_smteditor/26231081/clip/5zUs9Dl.jpg	/data1/upload/st/editorImg/2018/03/07/26231081/5zUs9Dl.jpg
26231081	1244946006	1	1	http://mars-dev.skplanet.com/group/v1.0/dev_Group-seller/26231081/clip/57FVsUS.jpg	/data1/upload/st/editorImg/2018/03/07/26231081/57FVsUS.jpg
26231081	1244946006	1	2	http://mars-dev.skplanet.com/group/v1.0/dev_Group-seller/26231081/clip/e24CEMO.jpg	/data1/upload/st/editorImg/2018/03/07/26231081/e24CEMO.jpg
26231081	1244946006	1	3	http://mars-dev.skplanet.com/group/v1.0/dev_Group-seller/26231081/clip/dgKz9Lc.jpg	/data1/upload/st/editorImg/2018/03/07/26231081/dgKz9Lc.jpg
26231081	1244946006	1	4	http://mars-dev.skplanet.com/group/v1.0/dev_Group-seller/26231081/clip/ahNe76P.jpg	/data1/upload/st/editorImg/2018/03/07/26231081/ahNe76P.jpg
26231081	1244946393	1	1	http://mars-dev.skplanet.com/storage/v1.0/dev_smteditor/26231081/clip/cP60InG.jpg	/data1/upload/st/editorImg/2018/03/07/26231081/cP60InG.jpg
26231081	1244946393	1	2	http://mars-dev.skplanet.com/storage/v1.0/dev_smteditor/26231081/clip/fpA0z4U.jpg	/data1/upload/st/editorImg/2018/03/07/26231081/fpA0z4U.jpg
26231081	1244946393	1	3	http://mars-dev.skplanet.com/storage/v1.0/dev_smteditor/26231081/clip/4512zG2.jpg	/data1/upload/st/editorImg/2018/03/07/26231081/4512zG2.jpg
26231081	1244946393	1	4	http://mars-dev.skplanet.com/storage/v1.0/dev_smteditor/26231081/clip/5zUs9Dl.jpg	/data1/upload/st/editorImg/2018/03/07/26231081/5zUs9Dl.jpg
39871275	1244946612	1	1	http://mars-dev.skplanet.com/group/v1.0/dev_Group-seller/KRY122Hil5/clip/eLgyINl.jpg	/data1/upload/st/editorImg/2018/03/07/39871275/eLgyINl.jpg
39871275	1244946612	1	2	http://mars-dev.skplanet.com/group/v1.0/dev_Group-seller/KRY122Hil5/clip/eGpZNbw.jpg	/data1/upload/st/editorImg/2018/03/07/39871275/eGpZNbw.jpg
39871275	1244946612	1	3	http://mars-dev.skplanet.com/group/v1.0/dev_Group-seller/KRY122Hil5/clip/aoSaa4d.jpg	/data1/upload/st/editorImg/2018/03/07/39871275/aoSaa4d.jpg
39871275	1244946612	1	4	http://mars-dev.skplanet.com/group/v1.0/dev_Group-seller/KRY122Hil5/clip/30VmdDj.jpg	/data1/upload/st/editorImg/2018/03/07/39871275/30VmdDj.jpg
10000276	1244947343	1	1	http://mars-dev.skplanet.com/storage/v1.0/dev_smteditor/10000276/clip/7mwxmxL.jpg	/data1/upload/st/editorImg/2018/03/07/10000276/7mwxmxL.jpg
10000276	1244947343	1	2	http://mars-dev.skplanet.com/storage/v1.0/dev_smteditor/10000276/clip/6r6H7Ay.jpg	/data1/upload/st/editorImg/2018/03/07/10000276/6r6H7Ay.jpg
10000276	1244947343	1	3	http://mars-dev.skplanet.com/storage/v1.0/dev_smteditor/10000276/clip/7YM4jhB.jpg	/data1/upload/st/editorImg/2018/03/07/10000276/7YM4jhB.jpg
10000276	1244947366	1	1	http://mars-dev.skplanet.com/storage/v1.0/dev_smteditor/10000276/clip/7fwnpCp.jpg	/data1/upload/st/editorImg/2018/03/07/10000276/7fwnpCp.jpg
10000276	1244947366	1	2	http://mars-dev.skplanet.com/storage/v1.0/dev_smteditor/10000276/clip/9oxoJdM.jpg	/data1/upload/st/editorImg/2018/03/07/10000276/9oxoJdM.jpg
10000276	1244947366	1	3	http://mars-dev.skplanet.com/storage/v1.0/dev_smteditor/10000276/clip/hdmKdwX.jpg	/data1/upload/st/editorImg/2018/03/07/10000276/hdmKdwX.jpg
39941273	1244947371	1	1	http://mars-dev.skplanet.com/storage/v1.0/dev_smteditor/39941273/clip/38oscKV.jpg	/data1/upload/st/editorImg/2018/03/07/39941273/38oscKV.jpg
39941273	1244947371	1	2	http://mars-dev.skplanet.com/storage/v1.0/dev_smteditor/39941273/clip/723qS4S.jpg	/data1/upload/st/editorImg/2018/03/07/39941273/723qS4S.jpg
39941273	1244947371	1	3	http://mars-dev.skplanet.com/storage/v1.0/dev_smteditor/39941273/clip/6mkvrUK.jpg	/data1/upload/st/editorImg/2018/03/07/39941273/6mkvrUK.jpg
39941273	1244947375	1	1	http://mars-dev.skplanet.com/storage/v1.0/dev_smteditor/39941273/clip/8MbSYbv.jpg	/data1/upload/st/editorImg/2018/03/07/39941273/8MbSYbv.jpg
39941273	1244947375	1	2	http://mars-dev.skplanet.com/storage/v1.0/dev_smteditor/39941273/clip/ejfSAsO.jpg	/data1/upload/st/editorImg/2018/03/07/39941273/ejfSAsO.jpg
39941273	1244947375	1	3	http://mars-dev.skplanet.com/storage/v1.0/dev_smteditor/39941273/clip/4j10rsK.jpg	/data1/upload/st/editorImg/2018/03/07/39941273/4j10rsK.jpg
39871275	1244947534	1	1	http://mars-dev.skplanet.com/group/v1.0/dev_Group-seller/39871275/clip/CQyB6W.jpg	/data1/upload/st/editorImg/2018/03/07/39871275/CQyB6W.jpg
39871275	1244947534	1	2	http://mars-dev.skplanet.com/group/v1.0/dev_Group-seller/39871275/clip/8h1bPE8.jpg	/data1/upload/st/editorImg/2018/03/07/39871275/8h1bPE8.jpg
39871275	1244947534	1	3	http://mars-dev.skplanet.com/group/v1.0/dev_Group-seller/39871275/clip/6WjBpEF.jpg	/data1/upload/st/editorImg/2018/03/07/39871275/6WjBpEF.jpg
39871275	1244947534	1	4	http://mars-dev.skplanet.com/group/v1.0/dev_Group-seller/39871275/clip/avEBo2d.jpg	/data1/upload/st/editorImg/2018/03/07/39871275/avEBo2d.jpg
39871275	1244947537	1	1	http://mars-dev.skplanet.com/group/v1.0/dev_Group-seller/39871275/clip/fTArbXX.jpg	/data1/upload/st/editorImg/2018/03/07/39871275/fTArbXX.jpg
39871275	1244947537	1	2	http://mars-dev.skplanet.com/group/v1.0/dev_Group-seller/39871275/clip/8vnmefU.jpg	/data1/upload/st/editorImg/2018/03/07/39871275/8vnmefU.jpg
39871275	1244947537	1	3	http://mars-dev.skplanet.com/group/v1.0/dev_Group-seller/39871275/clip/37RXtYN.jpg	/data1/upload/st/editorImg/2018/03/07/39871275/37RXtYN.jpg
39871275	1244947537	1	4	http://mars-dev.skplanet.com/group/v1.0/dev_Group-seller/39871275/clip/fug1vQC.jpg	/data1/upload/st/editorImg/2018/03/07/39871275/fug1vQC.jpg
39941273	1244947553	1	1	http://mars-dev.skplanet.com/group/v1.0/dev_Group-seller/39941273/clip/hiRstgs.jpg	/data1/upload/st/editorImg/2018/03/07/39941273/hiRstgs.jpg
39941273	1244947553	1	2	http://mars-dev.skplanet.com/group/v1.0/dev_Group-seller/39941273/clip/7PSRGFV.jpg	/data1/upload/st/editorImg/2018/03/07/39941273/7PSRGFV.jpg
39941273	1244947553	1	3	http://mars-dev.skplanet.com/group/v1.0/dev_Group-seller/39941273/clip/8WzEW0u.jpg	/data1/upload/st/editorImg/2018/03/07/39941273/8WzEW0u.jpg
39941273	1244947557	1	1	http://mars-dev.skplanet.com/storage/v1.0/dev_smteditor/39941273/clip/ghnJBV3.jpg	/data1/upload/st/editorImg/2018/03/07/39941273/ghnJBV3.jpg
39941273	1244947557	1	2	http://mars-dev.skplanet.com/storage/v1.0/dev_smteditor/39941273/clip/aLeBs0a.jpg	/data1/upload/st/editorImg/2018/03/07/39941273/aLeBs0a.jpg
39941273	1244947557	1	3	http://mars-dev.skplanet.com/storage/v1.0/dev_smteditor/39941273/clip/ds85ffG.jpg	/data1/upload/st/editorImg/2018/03/07/39941273/ds85ffG.jpg
39941273	1244947557	1	4	http://mars-dev.skplanet.com/storage/v1.0/dev_smteditor/39941273/clip/ctJneqs.jpg	/data1/upload/st/editorImg/2018/03/07/39941273/ctJneqs.jpg
39941273	1244947557	1	5	http://mars-dev.skplanet.com/storage/v1.0/dev_smteditor/39941273/clip/5wH4MGd.jpg	/data1/upload/st/editorImg/2018/03/07/39941273/5wH4MGd.jpg
39941273	1244947586	1	1	http://mars-dev.skplanet.com/storage/v1.0/dev_smteditor/39941273/clip/fJwFNYN.jpg	/data1/upload/st/editorImg/2018/03/07/39941273/fJwFNYN.jpg
39941273	1244947586	1	2	http://mars-dev.skplanet.com/storage/v1.0/dev_smteditor/39941273/clip/djDgaiK.jpg	/data1/upload/st/editorImg/2018/03/07/39941273/djDgaiK.jpg
39941273	1244947586	1	3	http://mars-dev.skplanet.com/storage/v1.0/dev_smteditor/39941273/clip/gQk4iYf.jpg	/data1/upload/st/editorImg/2018/03/07/39941273/gQk4iYf.jpg
39941273	1244947586	1	4	http://mars-dev.skplanet.com/storage/v1.0/dev_smteditor/39941273/clip/1uHl3gb.jpg	/data1/upload/st/editorImg/2018/03/07/39941273/1uHl3gb.jpg
39941273	1244947586	1	5	http://mars-dev.skplanet.com/storage/v1.0/dev_smteditor/39941273/clip/9EN8Nwi.jpg	/data1/upload/st/editorImg/2018/03/07/39941273/9EN8Nwi.jpg
39941273	1244947868	1	1	http://mars-dev.skplanet.com/group/v1.0/dev_Group-seller/39941273/clip/eqAHE1c.jpg	/data1/upload/st/editorImg/2018/03/07/39941273/eqAHE1c.jpg
39941273	1244947868	1	2	http://mars-dev.skplanet.com/group/v1.0/dev_Group-seller/39941273/clip/aW3kORI.jpg	/data1/upload/st/editorImg/2018/03/07/39941273/aW3kORI.jpg
39941273	1244947868	1	3	http://mars-dev.skplanet.com/group/v1.0/dev_Group-seller/39941273/clip/9IdHmkx.jpg	/data1/upload/st/editorImg/2018/03/07/39941273/9IdHmkx.jpg
39941273	1244947868	1	4	http://mars-dev.skplanet.com/group/v1.0/dev_Group-seller/39941273/clip/hmooRJZ.jpg	/data1/upload/st/editorImg/2018/03/07/39941273/hmooRJZ.jpg
39941273	1244947868	1	5	http://mars-dev.skplanet.com/group/v1.0/dev_Group-seller/39941273/clip/88kGW1c.jpg	/data1/upload/st/editorImg/2018/03/07/39941273/88kGW1c.jpg
39871275	1244947878	1	1	http://mars-dev.skplanet.com/group/v1.0/dev_Group-seller/39871275/clip/JIbsNN.jpg	/data1/upload/st/editorImg/2018/03/07/39871275/JIbsNN.jpg
39871275	1244947878	1	2	http://mars-dev.skplanet.com/group/v1.0/dev_Group-seller/39871275/clip/eSJGmvw.jpg	/data1/upload/st/editorImg/2018/03/07/39871275/eSJGmvw.jpg
39871275	1244947878	1	3	http://mars-dev.skplanet.com/group/v1.0/dev_Group-seller/39871275/clip/1qYuE3V.jpg	/data1/upload/st/editorImg/2018/03/07/39871275/1qYuE3V.jpg
39941273	1244947911	1	1	http://mars-dev.skplanet.com/group/v1.0/dev_Group-seller/39941273/clip/3C1MUvy.jpg	/data1/upload/st/editorImg/2018/03/07/39941273/3C1MUvy.jpg
39941273	1244947911	1	2	http://mars-dev.skplanet.com/group/v1.0/dev_Group-seller/39941273/clip/6jUDyOi.jpg	/data1/upload/st/editorImg/2018/03/07/39941273/6jUDyOi.jpg
39941273	1244947911	1	3	http://mars-dev.skplanet.com/group/v1.0/dev_Group-seller/39941273/clip/cBgjaT8.jpg	/data1/upload/st/editorImg/2018/03/07/39941273/cBgjaT8.jpg
39941273	1244947911	1	4	http://mars-dev.skplanet.com/group/v1.0/dev_Group-seller/39941273/clip/knHBmr.jpg	/data1/upload/st/editorImg/2018/03/07/39941273/knHBmr.jpg
39941273	1244947911	1	5	http://mars-dev.skplanet.com/group/v1.0/dev_Group-seller/39941273/clip/clEbX5D.jpg	/data1/upload/st/editorImg/2018/03/07/39941273/clEbX5D.jpg
39941273	1244947912	1	1	http://mars-dev.skplanet.com/group/v1.0/dev_Group-seller/39941273/clip/ajHFNCh.jpg	/data1/upload/st/editorImg/2018/03/07/39941273/ajHFNCh.jpg
39941273	1244947912	1	2	http://mars-dev.skplanet.com/group/v1.0/dev_Group-seller/39941273/clip/feyFqPZ.jpg	/data1/upload/st/editorImg/2018/03/07/39941273/feyFqPZ.jpg
39941273	1244947912	1	3	http://mars-dev.skplanet.com/group/v1.0/dev_Group-seller/39941273/clip/89apUSy.jpg	/data1/upload/st/editorImg/2018/03/07/39941273/89apUSy.jpg
39941273	1244947912	1	4	http://mars-dev.skplanet.com/group/v1.0/dev_Group-seller/39941273/clip/5Sd6nj5.jpg	/data1/upload/st/editorImg/2018/03/07/39941273/5Sd6nj5.jpg
39941273	1244947912	1	5	http://mars-dev.skplanet.com/group/v1.0/dev_Group-seller/39941273/clip/bPMONfv.jpg	/data1/upload/st/editorImg/2018/03/07/39941273/bPMONfv.jpg
39871275	1244947913	1	1	http://mars-dev.skplanet.com/storage/v1.0/dev_smteditor/39871275/clip/fmijLIe.jpg	/data1/upload/st/editorImg/2018/03/07/39871275/fmijLIe.jpg
39871275	1244947913	1	2	http://mars-dev.skplanet.com/storage/v1.0/dev_smteditor/39871275/clip/7SSk6wP.jpg	/data1/upload/st/editorImg/2018/03/07/39871275/7SSk6wP.jpg
39871275	1244947913	1	3	http://mars-dev.skplanet.com/storage/v1.0/dev_smteditor/39871275/clip/bwnNj2y.jpg	/data1/upload/st/editorImg/2018/03/07/39871275/bwnNj2y.jpg
39871275	1244947913	1	4	http://mars-dev.skplanet.com/storage/v1.0/dev_smteditor/39871275/clip/7uP6bVr.jpg	/data1/upload/st/editorImg/2018/03/07/39871275/7uP6bVr.jpg
10000276	1244947916	1	1	http://mars-dev.skplanet.com/group/v1.0/dev_Group-seller/KRY12FXwM/clip/1bOrD23.jpg	/data1/upload/st/editorImg/2018/03/07/10000276/1bOrD23.jpg
10000276	1244947916	1	2	http://mars-dev.skplanet.com/group/v1.0/dev_Group-seller/KRY12FXwM/clip/1y2FNPN.jpg	/data1/upload/st/editorImg/2018/03/07/10000276/1y2FNPN.jpg
39941273	1244947953	1	1	http://mars-dev.skplanet.com/group/v1.0/dev_Group-seller/39941273/clip/8dXr98s.jpg	/data1/upload/st/editorImg/2018/03/07/39941273/8dXr98s.jpg
39941273	1244947953	1	2	http://mars-dev.skplanet.com/group/v1.0/dev_Group-seller/39941273/clip/8yw0wTl.jpg	/data1/upload/st/editorImg/2018/03/07/39941273/8yw0wTl.jpg
39941273	1244947953	1	3	http://mars-dev.skplanet.com/group/v1.0/dev_Group-seller/39941273/clip/1FXlhuB.jpg	/data1/upload/st/editorImg/2018/03/07/39941273/1FXlhuB.jpg
39941273	1244948031	1	1	http://mars-dev.skplanet.com/group/v1.0/dev_Group-seller/39941273/clip/cfkK3Q8.jpg	/data1/upload/st/editorImg/2018/03/07/39941273/cfkK3Q8.jpg
39941273	1244948031	1	2	http://mars-dev.skplanet.com/group/v1.0/dev_Group-seller/39941273/clip/dXoBLhf.jpg	/data1/upload/st/editorImg/2018/03/07/39941273/dXoBLhf.jpg
39941273	1244948031	1	3	http://mars-dev.skplanet.com/group/v1.0/dev_Group-seller/39941273/clip/7o7xcio.jpg	/data1/upload/st/editorImg/2018/03/07/39941273/7o7xcio.jpg
39941273	1244948031	1	4	http://mars-dev.skplanet.com/group/v1.0/dev_Group-seller/39941273/clip/9nMjzr6.jpg	/data1/upload/st/editorImg/2018/03/07/39941273/9nMjzr6.jpg
39941273	1244948031	1	5	http://mars-dev.skplanet.com/group/v1.0/dev_Group-seller/39941273/clip/6hA4NAS.jpg	/data1/upload/st/editorImg/2018/03/07/39941273/6hA4NAS.jpg
39941273	1244948065	1	1	http://mars-dev.skplanet.com/group/v1.0/dev_Group-seller/39941273/clip/cfkK3Q8.jpg	/data1/upload/st/editorImg/2018/03/07/39941273/cfkK3Q8.jpg
39941273	1244948065	1	2	http://mars-dev.skplanet.com/group/v1.0/dev_Group-seller/39941273/clip/dXoBLhf.jpg	/data1/upload/st/editorImg/2018/03/07/39941273/dXoBLhf.jpg
39941273	1244948065	1	3	http://mars-dev.skplanet.com/group/v1.0/dev_Group-seller/39941273/clip/7o7xcio.jpg	/data1/upload/st/editorImg/2018/03/07/39941273/7o7xcio.jpg
39941273	1244948065	1	4	http://mars-dev.skplanet.com/group/v1.0/dev_Group-seller/39941273/clip/9nMjzr6.jpg	/data1/upload/st/editorImg/2018/03/07/39941273/9nMjzr6.jpg
39941273	1244948065	1	5	http://mars-dev.skplanet.com/group/v1.0/dev_Group-seller/39941273/clip/6hA4NAS.jpg	/data1/upload/st/editorImg/2018/03/07/39941273/6hA4NAS.jpg
39941273	1244948071	1	1	http://mars-dev.skplanet.com/group/v1.0/dev_Group-seller/39941273/clip/6V1zRFw.jpg	/data1/upload/st/editorImg/2018/03/07/39941273/6V1zRFw.jpg
39941273	1244948071	1	2	http://mars-dev.skplanet.com/group/v1.0/dev_Group-seller/39941273/clip/df0sd3a.jpg	/data1/upload/st/editorImg/2018/03/07/39941273/df0sd3a.jpg
39871275	1244948072	1	1	http://mars-dev.skplanet.com/group/v1.0/dev_Group-seller/39871275/clip/52OiWPz.jpg	/data1/upload/st/editorImg/2018/03/07/39871275/52OiWPz.jpg
39871275	1244948072	1	2	http://mars-dev.skplanet.com/group/v1.0/dev_Group-seller/39871275/clip/dZqoVJO.jpg	/data1/upload/st/editorImg/2018/03/07/39871275/dZqoVJO.jpg
39871275	1244948072	1	3	http://mars-dev.skplanet.com/group/v1.0/dev_Group-seller/39871275/clip/au7gXLQ.jpg	/data1/upload/st/editorImg/2018/03/07/39871275/au7gXLQ.jpg
39871275	1244948075	1	1	http://mars-dev.skplanet.com/group/v1.0/dev_Group-seller/KRY122Hil5/clip/8YP6CBo.jpg	/data1/upload/st/editorImg/2018/03/07/39871275/8YP6CBo.jpg
39871275	1244948075	1	2	http://mars-dev.skplanet.com/group/v1.0/dev_Group-seller/KRY122Hil5/clip/82Xk7Sc.jpg	/data1/upload/st/editorImg/2018/03/07/39871275/82Xk7Sc.jpg
39871275	1244948475	1	1	http://mars-dev.skplanet.com/group/v1.0/dev_Group-seller/KRY122Hil5/clip/1gFiVIB.jpg	/data1/upload/st/editorImg/2018/03/07/39871275/1gFiVIB.jpg
39871275	1244948475	1	2	http://mars-dev.skplanet.com/group/v1.0/dev_Group-seller/KRY122Hil5/clip/aULNkIQ.jpg	/data1/upload/st/editorImg/2018/03/07/39871275/aULNkIQ.jpg
10000276	1244948675	1	1	http://mars-dev.skplanet.com/group/v1.0/dev_Group-seller/10000276/clip/3o8cc5J.jpg	/data1/upload/st/editorImg/2018/03/07/10000276/3o8cc5J.jpg
10000276	1244948675	1	2	http://mars-dev.skplanet.com/group/v1.0/dev_Group-seller/10000276/clip/1UBjWSt.jpg	/data1/upload/st/editorImg/2018/03/07/10000276/1UBjWSt.jpg
10000276	1244948675	1	3	http://mars-dev.skplanet.com/group/v1.0/dev_Group-seller/10000276/clip/3cCF59H.jpg	/data1/upload/st/editorImg/2018/03/07/10000276/3cCF59H.jpg
10000276	1244948675	1	4	http://mars-dev.skplanet.com/group/v1.0/dev_Group-seller/10000276/clip/3kOtMpv.jpg	/data1/upload/st/editorImg/2018/03/07/10000276/3kOtMpv.jpg
10000276	1244948675	1	5	http://mars-dev.skplanet.com/group/v1.0/dev_Group-seller/10000276/clip/7o5gzv0.jpg	/data1/upload/st/editorImg/2018/03/07/10000276/7o5gzv0.jpg
10000276	1244948675	1	6	http://mars-dev.skplanet.com/group/v1.0/dev_Group-seller/10000276/clip/cq9QzNO.jpg	/data1/upload/st/editorImg/2018/03/07/10000276/cq9QzNO.jpg
39871275	1244949049	1	1	http://mars-dev.skplanet.com/group/v1.0/dev_Group-seller/39871275/clip/1Mu835O.jpg	/data1/upload/st/editorImg/2018/03/07/39871275/1Mu835O.jpg
39871275	1244949049	1	2	http://mars-dev.skplanet.com/group/v1.0/dev_Group-seller/39871275/clip/bQcUVb2.jpg	/data1/upload/st/editorImg/2018/03/07/39871275/bQcUVb2.jpg
39871275	1244949366	1	1	http://mars-dev.skplanet.com/group/v1.0/dev_Group-seller/KRY122Hil5/clip/2Oj9Ofa.jpg	/data1/upload/st/editorImg/2018/03/07/39871275/2Oj9Ofa.jpg
39871275	1244949366	1	2	http://mars-dev.skplanet.com/group/v1.0/dev_Group-seller/KRY122Hil5/clip/7pnYiMF.jpg	/data1/upload/st/editorImg/2018/03/07/39871275/7pnYiMF.jpg
39871275	1244949366	1	3	http://mars-dev.skplanet.com/group/v1.0/dev_Group-seller/KRY122Hil5/clip/1Vkbccx.jpg	/data1/upload/st/editorImg/2018/03/07/39871275/1Vkbccx.jpg
39871275	1244949366	1	4	http://mars-dev.skplanet.com/group/v1.0/dev_Group-seller/KRY122Hil5/clip/1FLQruh.jpg	/data1/upload/st/editorImg/2018/03/07/39871275/1FLQruh.jpg
39871275	1244949366	1	5	http://mars-dev.skplanet.com/group/v1.0/dev_Group-seller/KRY122Hil5/clip/clHdkUT.jpg	/data1/upload/st/editorImg/2018/03/07/39871275/clHdkUT.jpg
39871275	1244949366	1	6	http://mars-dev.skplanet.com/group/v1.0/dev_Group-seller/KRY122Hil5/clip/gQq0OT0.jpg	/data1/upload/st/editorImg/2018/03/07/39871275/gQq0OT0.jpg
39871275	1244949366	1	7	http://mars-dev.skplanet.com/group/v1.0/dev_Group-seller/KRY122Hil5/clip/gYsqCyV.jpg	/data1/upload/st/editorImg/2018/03/07/39871275/gYsqCyV.jpg
39871275	1244949366	1	8	http://mars-dev.skplanet.com/group/v1.0/dev_Group-seller/KRY122Hil5/clip/mJ4EhN.jpg	/data1/upload/st/editorImg/2018/03/07/39871275/mJ4EhN.jpg
39871275	1244949366	1	9	http://mars-dev.skplanet.com/group/v1.0/dev_Group-seller/KRY122Hil5/clip/aZsBZ0C.jpg	/data1/upload/st/editorImg/2018/03/07/39871275/aZsBZ0C.jpg
39871275	1244949366	1	10	http://mars-dev.skplanet.com/group/v1.0/dev_Group-seller/KRY122Hil5/clip/g2X5Kql.jpg	/data1/upload/st/editorImg/2018/03/07/39871275/g2X5Kql.jpg
39871275	1244949366	1	11	http://mars-dev.skplanet.com/group/v1.0/dev_Group-seller/KRY122Hil5/clip/3mIukAl.jpg	/data1/upload/st/editorImg/2018/03/07/39871275/3mIukAl.jpg
39951242	1244949641	1	1	http://mars-dev.skplanet.com/group/v1.0/dev_Group-seller/KRY122HD8S/clip/d3D067a.jpg	/data1/upload/st/editorImg/2018/03/07/39951242/d3D067a.jpg
39951242	1244949641	1	2	http://mars-dev.skplanet.com/group/v1.0/dev_Group-seller/KRY122HD8S/clip/3gc1F5X.jpg	/data1/upload/st/editorImg/2018/03/07/39951242/3gc1F5X.jpg
39951242	1244949641	1	3	http://mars-dev.skplanet.com/group/v1.0/dev_Group-seller/KRY122HD8S/clip/6AgucLO.jpg	/data1/upload/st/editorImg/2018/03/07/39951242/6AgucLO.jpg
39951242	1244949641	1	4	http://mars-dev.skplanet.com/group/v1.0/dev_Group-seller/KRY122HD8S/clip/bThqYf3.jpg	/data1/upload/st/editorImg/2018/03/07/39951242/bThqYf3.jpg
39951242	1244949642	1	1	http://mars-dev.skplanet.com/group/v1.0/dev_Group-seller/KRY122HD8S/clip/fydnJKa.jpg	/data1/upload/st/editorImg/2018/03/07/39951242/fydnJKa.jpg
39951242	1244949642	1	2	http://mars-dev.skplanet.com/group/v1.0/dev_Group-seller/KRY122HD8S/clip/grqJhHE.jpg	/data1/upload/st/editorImg/2018/03/07/39951242/grqJhHE.jpg
39951242	1244949642	1	3	http://mars-dev.skplanet.com/group/v1.0/dev_Group-seller/KRY122HD8S/clip/3ZapfVN.jpg	/data1/upload/st/editorImg/2018/03/07/39951242/3ZapfVN.jpg
39951242	1244949642	1	4	http://mars-dev.skplanet.com/group/v1.0/dev_Group-seller/KRY122HD8S/clip/4FpaVE.jpg	/data1/upload/st/editorImg/2018/03/07/39951242/4FpaVE.jpg
39951242	1244949644	1	1	http://mars-dev.skplanet.com/group/v1.0/dev_Group-seller/KRY122HD8S/clip/ffzzXwq.jpg	/data1/upload/st/editorImg/2018/03/07/39951242/ffzzXwq.jpg
39951242	1244949644	1	2	http://mars-dev.skplanet.com/group/v1.0/dev_Group-seller/KRY122HD8S/clip/1EpHzr1.jpg	/data1/upload/st/editorImg/2018/03/07/39951242/1EpHzr1.jpg
39951242	1244949644	1	3	http://mars-dev.skplanet.com/group/v1.0/dev_Group-seller/KRY122HD8S/clip/KFrGvS.jpg	/data1/upload/st/editorImg/2018/03/07/39951242/KFrGvS.jpg
39951242	1244949644	1	4	http://mars-dev.skplanet.com/group/v1.0/dev_Group-seller/KRY122HD8S/clip/aI2ZtKY.jpg	/data1/upload/st/editorImg/2018/03/07/39951242/aI2ZtKY.jpg
39951242	1244949647	1	1	http://mars-dev.skplanet.com/group/v1.0/dev_Group-seller/KRY122HD8S/clip/bqClyJN.jpg	/data1/upload/st/editorImg/2018/03/07/39951242/bqClyJN.jpg
39951242	1244949647	1	2	http://mars-dev.skplanet.com/group/v1.0/dev_Group-seller/KRY122HD8S/clip/4hOt4rV.jpg	/data1/upload/st/editorImg/2018/03/07/39951242/4hOt4rV.jpg
39951242	1244949647	1	3	http://mars-dev.skplanet.com/group/v1.0/dev_Group-seller/KRY122HD8S/clip/88Ft5dY.jpg	/data1/upload/st/editorImg/2018/03/07/39951242/88Ft5dY.jpg
39951242	1244949658	1	1	http://mars-dev.skplanet.com/group/v1.0/dev_Group-seller/KRY122HD8S/clip/d3D067a.jpg	/data1/upload/st/editorImg/2018/03/07/39951242/d3D067a.jpg
39951242	1244949658	1	2	http://mars-dev.skplanet.com/group/v1.0/dev_Group-seller/KRY122HD8S/clip/3gc1F5X.jpg	/data1/upload/st/editorImg/2018/03/07/39951242/3gc1F5X.jpg
39951242	1244949658	1	3	http://mars-dev.skplanet.com/group/v1.0/dev_Group-seller/KRY122HD8S/clip/6AgucLO.jpg	/data1/upload/st/editorImg/2018/03/07/39951242/6AgucLO.jpg
39951242	1244949658	1	4	http://mars-dev.skplanet.com/group/v1.0/dev_Group-seller/KRY122HD8S/clip/bThqYf3.jpg	/data1/upload/st/editorImg/2018/03/07/39951242/bThqYf3.jpg
39871275	1244949756	1	1	http://mars-dev.skplanet.com/group/v1.0/dev_Group-seller/KRY122Hil5/clip/gnzsodW.jpg	/data1/upload/st/editorImg/2018/03/07/39871275/gnzsodW.jpg
39871275	1244949756	1	2	http://mars-dev.skplanet.com/group/v1.0/dev_Group-seller/KRY122Hil5/clip/eNOY6DW.jpg	/data1/upload/st/editorImg/2018/03/07/39871275/eNOY6DW.jpg
39871275	1244949756	1	3	http://mars-dev.skplanet.com/group/v1.0/dev_Group-seller/KRY122Hil5/clip/6fH2pmR.jpg	/data1/upload/st/editorImg/2018/03/07/39871275/6fH2pmR.jpg
39871275	1244949756	1	4	http://mars-dev.skplanet.com/group/v1.0/dev_Group-seller/KRY122Hil5/clip/hx9lOqX.jpg	/data1/upload/st/editorImg/2018/03/07/39871275/hx9lOqX.jpg
10000276	1244951652	1	1	http://mars-dev.skplanet.com/group/v1.0/dev_Group-seller/KRY12FXwM/clip/aIUIS3l.jpg	/data1/upload/st/editorImg/2018/03/07/10000276/aIUIS3l.jpg
10000276	1244951652	1	2	http://mars-dev.skplanet.com/group/v1.0/dev_Group-seller/KRY12FXwM/clip/fr8gWS.jpg	/data1/upload/st/editorImg/2018/03/07/10000276/fr8gWS.jpg
10000276	1244951652	1	3	http://mars-dev.skplanet.com/group/v1.0/dev_Group-seller/KRY12FXwM/clip/d0gLz2T.jpg	/data1/upload/st/editorImg/2018/03/07/10000276/d0gLz2T.jpg
10000276	1244951652	1	4	http://mars-dev.skplanet.com/group/v1.0/dev_Group-seller/KRY12FXwM/clip/7hxyRT7.jpg	/data1/upload/st/editorImg/2018/03/07/10000276/7hxyRT7.jpg
10000276	1244962697	1	1	http://mars-dev.skplanet.com/group/v1.0/dev_Group-seller/KRY12FXwM/clip/9rWLAqB.jpg	/data1/upload/st/editorImg/2018/03/07/10000276/9rWLAqB.jpg
10000276	1244962697	1	2	http://mars-dev.skplanet.com/group/v1.0/dev_Group-seller/KRY12FXwM/clip/bRF37kg.jpg	/data1/upload/st/editorImg/2018/03/07/10000276/bRF37kg.jpg
10000276	1244962884	1	1	http://mars-dev.skplanet.com/group/v1.0/dev_Group-seller/KRY12FXwM/clip/3vWxiSj.jpg	/data1/upload/st/editorImg/2018/03/07/10000276/3vWxiSj.jpg
10000276	1244962884	1	2	http://mars-dev.skplanet.com/group/v1.0/dev_Group-seller/KRY12FXwM/clip/8HacI2K.jpg	/data1/upload/st/editorImg/2018/03/07/10000276/8HacI2K.jpg
10000276	1244962979	1	1	http://mars-dev.skplanet.com/group/v1.0/dev_Group-seller/KRY12FXwM/clip/3wMi8kF.jpg	/data1/upload/st/editorImg/2018/03/07/10000276/3wMi8kF.jpg
39941459	1244977815	1	1	http://mars-dev.skplanet.com/group/v1.0/dev_Group-seller/KRY122HAB5/clip/hz4w67Y.jpg	/data1/upload/st/editorImg/2018/03/07/39941459/hz4w67Y.jpg
39941459	1244977815	1	2	http://mars-dev.skplanet.com/group/v1.0/dev_Group-seller/KRY122HAB5/clip/fARk9Yg.jpg	/data1/upload/st/editorImg/2018/03/07/39941459/fARk9Yg.jpg
39941459	1244977815	1	3	http://mars-dev.skplanet.com/group/v1.0/dev_Group-seller/KRY122HAB5/clip/4zbW5yR.jpg	/data1/upload/st/editorImg/2018/03/07/39941459/4zbW5yR.jpg
39941459	1244977815	1	4	http://mars-dev.skplanet.com/group/v1.0/dev_Group-seller/KRY122HAB5/clip/174J37s.jpg	/data1/upload/st/editorImg/2018/03/07/39941459/174J37s.jpg
39941459	1244977815	1	5	http://mars-dev.skplanet.com/group/v1.0/dev_Group-seller/KRY122HAB5/clip/caEwOHj.jpg	/data1/upload/st/editorImg/2018/03/07/39941459/caEwOHj.jpg
39941459	1244977815	1	6	http://mars-dev.skplanet.com/group/v1.0/dev_Group-seller/KRY122HAB5/clip/4OL9nJK.jpg	/data1/upload/st/editorImg/2018/03/07/39941459/4OL9nJK.jpg
39941459	1245013343	1	1	http://mars-dev.skplanet.com/group/v1.0/dev_Group-seller/KRY122HAB5/clip/hsHDfcH.jpg	/data1/upload/st/editorImg/2018/03/07/39941459/hsHDfcH.jpg
39941459	1245013343	1	2	http://mars-dev.skplanet.com/group/v1.0/dev_Group-seller/KRY122HAB5/clip/8HTSH8e.jpg	/data1/upload/st/editorImg/2018/03/07/39941459/8HTSH8e.jpg
39941459	1245014820	1	1	http://mars-dev.skplanet.com/group/v1.0/dev_Group-seller/KRY122HAB5/clip/9OJGdp1.jpg	/data1/upload/st/editorImg/2018/03/07/39941459/9OJGdp1.jpg
39941459	1245015464	1	1	http://mars-dev.skplanet.com/group/v1.0/dev_Group-seller/KRY122HAB5/clip/etbT1Cl.jpg	/data1/upload/st/editorImg/2018/03/07/39941459/etbT1Cl.jpg
39941459	1245015464	1	2	http://mars-dev.skplanet.com/group/v1.0/dev_Group-seller/KRY122HAB5/clip/9ECChut.jpg	/data1/upload/st/editorImg/2018/03/07/39941459/9ECChut.jpg
39941459	1245015477	1	1	http://mars-dev.skplanet.com/group/v1.0/dev_Group-seller/KRY122HAB5/clip/7OGEP6X.jpg	/data1/upload/st/editorImg/2018/03/07/39941459/7OGEP6X.jpg
39941459	1245015477	1	2	http://mars-dev.skplanet.com/group/v1.0/dev_Group-seller/KRY122HAB5/clip/1EyNkeZ.jpg	/data1/upload/st/editorImg/2018/03/07/39941459/1EyNkeZ.jpg
39941459	1245016411	1	1	http://mars-dev.skplanet.com/group/v1.0/dev_Group-seller/KRY122HAB5/clip/8NIng9e.jpg	/data1/upload/st/editorImg/2018/03/07/39941459/8NIng9e.jpg
39941459	1245016411	1	2	http://mars-dev.skplanet.com/group/v1.0/dev_Group-seller/KRY122HAB5/clip/8P5RAHr.jpg	/data1/upload/st/editorImg/2018/03/07/39941459/8P5RAHr.jpg
39941459	1245016417	1	1	http://mars-dev.skplanet.com/group/v1.0/dev_Group-seller/KRY122HAB5/clip/ZsLAJy.jpg	/data1/upload/st/editorImg/2018/03/07/39941459/ZsLAJy.jpg
39941459	1245016417	1	2	http://mars-dev.skplanet.com/group/v1.0/dev_Group-seller/KRY122HAB5/clip/DSsLZa.jpg	/data1/upload/st/editorImg/2018/03/07/39941459/DSsLZa.jpg
39941459	1245018400	1	1	http://mars-dev.skplanet.com/group/v1.0/dev_Group-seller/KRY122HAB5/clip/9Y88aCA.jpg	/data1/upload/st/editorImg/2018/03/07/39941459/9Y88aCA.jpg
10000276	1245020451	1	1	http://mars-dev.skplanet.com/group/v1.0/dev_Group-seller/KRY12FXwM/clip/fvbqpuT.jpg	/data1/upload/st/editorImg/2018/03/07/10000276/fvbqpuT.jpg
10000276	1245020451	1	2	http://mars-dev.skplanet.com/group/v1.0/dev_Group-seller/KRY12FXwM/clip/3VzYjVl.jpg	/data1/upload/st/editorImg/2018/03/07/10000276/3VzYjVl.jpg
10000276	1245020451	1	3	http://mars-dev.skplanet.com/group/v1.0/dev_Group-seller/KRY12FXwM/clip/9rUA2cx.jpg	/data1/upload/st/editorImg/2018/03/07/10000276/9rUA2cx.jpg
39941459	1245042538	1	1	http://mars-dev.skplanet.com/group/v1.0/dev_Group-seller/KRY122HAB5/clip/9rNL74f.jpg	/data1/upload/st/editorImg/2018/03/07/39941459/9rNL74f.jpg
39941459	1245042538	1	2	http://mars-dev.skplanet.com/group/v1.0/dev_Group-seller/KRY122HAB5/clip/2rMaBiG.jpg	/data1/upload/st/editorImg/2018/03/07/39941459/2rMaBiG.jpg
39871275	1245050429	1	1	http://mars-dev.skplanet.com/group/v1.0/dev_Group-seller/KRY122Hil5/clip/5Uf9PSU.jpg	/data1/upload/st/editorImg/2018/03/07/39871275/5Uf9PSU.jpg
39871275	1245050429	1	2	http://mars-dev.skplanet.com/group/v1.0/dev_Group-seller/KRY122Hil5/clip/1FVBXcP.jpg	/data1/upload/st/editorImg/2018/03/07/39871275/1FVBXcP.jpg
39871275	1245050429	1	3	http://mars-dev.skplanet.com/group/v1.0/dev_Group-seller/KRY122Hil5/clip/2YK5P30.jpg	/data1/upload/st/editorImg/2018/03/07/39871275/2YK5P30.jpg
39871275	1245050429	1	4	http://mars-dev.skplanet.com/group/v1.0/dev_Group-seller/KRY122Hil5/clip/6KqdTep.jpg	/data1/upload/st/editorImg/2018/03/07/39871275/6KqdTep.jpg
39941240	1245050431	1	1	http://mars-dev.skplanet.com/group/v1.0/dev_Group-seller/KRY122HAxy/clip/9p1Q2N7.jpg	/data1/upload/st/editorImg/2018/03/07/39941240/9p1Q2N7.jpg
39941240	1245050431	1	2	http://mars-dev.skplanet.com/group/v1.0/dev_Group-seller/KRY122HAxy/clip/615JWs4.jpg	/data1/upload/st/editorImg/2018/03/07/39941240/615JWs4.jpg
39941240	1245050431	1	3	http://mars-dev.skplanet.com/group/v1.0/dev_Group-seller/KRY122HAxy/clip/9zgerxw.jpg	/data1/upload/st/editorImg/2018/03/07/39941240/9zgerxw.jpg
39941240	1245050441	1	1	http://mars-dev.skplanet.com/group/v1.0/dev_Group-seller/KRY122HAxy/clip/46ZkLMr.jpg	/data1/upload/st/editorImg/2018/03/07/39941240/46ZkLMr.jpg
39941240	1245050441	1	2	http://mars-dev.skplanet.com/group/v1.0/dev_Group-seller/KRY122HAxy/clip/81AJhPH.jpg	/data1/upload/st/editorImg/2018/03/07/39941240/81AJhPH.jpg
39941240	1245050441	1	3	http://mars-dev.skplanet.com/group/v1.0/dev_Group-seller/KRY122HAxy/clip/bpeRfLV.jpg	/data1/upload/st/editorImg/2018/03/07/39941240/bpeRfLV.jpg
10000276	1245253074	1	1	http://mars-dev.skplanet.com/group/v1.0/dev_Group-seller/KRY12FXwM/clip/1wEz5NR.jpg	/data1/upload/st/editorImg/2018/03/07/10000276/1wEz5NR.jpg
10000276	1245253074	1	2	http://mars-dev.skplanet.com/group/v1.0/dev_Group-seller/KRY12FXwM/clip/eGv1IIS.jpg	/data1/upload/st/editorImg/2018/03/07/10000276/eGv1IIS.jpg
10000276	1245253074	1	3	http://mars-dev.skplanet.com/group/v1.0/dev_Group-seller/KRY12FXwM/clip/fHQmkay.jpg	/data1/upload/st/editorImg/2018/03/07/10000276/fHQmkay.jpg
10000276	1245253092	1	1	http://mars-dev.skplanet.com/group/v1.0/dev_Group-seller/KRY12FXwM/clip/2B3ZDgG.jpg	/data1/upload/st/editorImg/2018/03/07/10000276/2B3ZDgG.jpg
10000276	1245253092	1	2	http://mars-dev.skplanet.com/group/v1.0/dev_Group-seller/KRY12FXwM/clip/2sniDzv.jpg	/data1/upload/st/editorImg/2018/03/07/10000276/2sniDzv.jpg
10000276	1245253092	1	3	http://mars-dev.skplanet.com/group/v1.0/dev_Group-seller/KRY12FXwM/clip/4WhoGZt.jpg	/data1/upload/st/editorImg/2018/03/07/10000276/4WhoGZt.jpg
10000276	1245253096	1	1	http://mars-dev.skplanet.com/group/v1.0/dev_Group-seller/KRY12FXwM/clip/gCwcNee.jpg	/data1/upload/st/editorImg/2018/03/07/10000276/gCwcNee.jpg
10000276	1245253096	1	2	http://mars-dev.skplanet.com/group/v1.0/dev_Group-seller/KRY12FXwM/clip/g2KRNSb.jpg	/data1/upload/st/editorImg/2018/03/07/10000276/g2KRNSb.jpg
10000276	1245253096	1	3	http://mars-dev.skplanet.com/group/v1.0/dev_Group-seller/KRY12FXwM/clip/f0xnJgC.jpg	/data1/upload/st/editorImg/2018/03/07/10000276/f0xnJgC.jpg
10000276	1245253098	1	1	http://mars-dev.skplanet.com/group/v1.0/dev_Group-seller/KRY12FXwM/clip/aJ6cjyz.jpg	/data1/upload/st/editorImg/2018/03/07/10000276/aJ6cjyz.jpg
10000276	1245253098	1	2	http://mars-dev.skplanet.com/group/v1.0/dev_Group-seller/KRY12FXwM/clip/dDHcPMN.jpg	/data1/upload/st/editorImg/2018/03/07/10000276/dDHcPMN.jpg
10000276	1245253098	1	3	http://mars-dev.skplanet.com/group/v1.0/dev_Group-seller/KRY12FXwM/clip/8P6LsQY.jpg	/data1/upload/st/editorImg/2018/03/07/10000276/8P6LsQY.jpg
10000276	1245253099	1	1	http://mars-dev.skplanet.com/group/v1.0/dev_Group-seller/KRY12FXwM/clip/1wEz5NR.jpg	/data1/upload/st/editorImg/2018/03/07/10000276/1wEz5NR.jpg
10000276	1245253099	1	2	http://mars-dev.skplanet.com/group/v1.0/dev_Group-seller/KRY12FXwM/clip/eGv1IIS.jpg	/data1/upload/st/editorImg/2018/03/07/10000276/eGv1IIS.jpg
10000276	1245253099	1	3	http://mars-dev.skplanet.com/group/v1.0/dev_Group-seller/KRY12FXwM/clip/fHQmkay.jpg	/data1/upload/st/editorImg/2018/03/07/10000276/fHQmkay.jpg
10000276	1245253100	1	1	http://mars-dev.skplanet.com/group/v1.0/dev_Group-seller/KRY12FXwM/clip/btLE7z.jpg	/data1/upload/st/editorImg/2018/03/07/10000276/btLE7z.jpg
10000276	1245253100	1	2	http://mars-dev.skplanet.com/group/v1.0/dev_Group-seller/KRY12FXwM/clip/fxp3zY4.jpg	/data1/upload/st/editorImg/2018/03/07/10000276/fxp3zY4.jpg
10000276	1245253100	1	3	http://mars-dev.skplanet.com/group/v1.0/dev_Group-seller/KRY12FXwM/clip/d4xz8nj.jpg	/data1/upload/st/editorImg/2018/03/07/10000276/d4xz8nj.jpg
10000276	1245253101	1	1	http://mars-dev.skplanet.com/group/v1.0/dev_Group-seller/KRY12FXwM/clip/bmcAfdR.jpg	/data1/upload/st/editorImg/2018/03/07/10000276/bmcAfdR.jpg
10000276	1245253101	1	2	http://mars-dev.skplanet.com/group/v1.0/dev_Group-seller/KRY12FXwM/clip/3U7mpWm.jpg	/data1/upload/st/editorImg/2018/03/07/10000276/3U7mpWm.jpg
10000276	1245253101	1	3	http://mars-dev.skplanet.com/group/v1.0/dev_Group-seller/KRY12FXwM/clip/6WaaXeI.jpg	/data1/upload/st/editorImg/2018/03/07/10000276/6WaaXeI.jpg
10000276	1245253150	1	1	http://mars-dev.skplanet.com/group/v1.0/dev_Group-seller/KRY12FXwM/clip/eWlKFEs.jpg	/data1/upload/st/editorImg/2018/03/07/10000276/eWlKFEs.jpg
10000276	1245253150	1	2	http://mars-dev.skplanet.com/group/v1.0/dev_Group-seller/KRY12FXwM/clip/ce8fw1w.jpg	/data1/upload/st/editorImg/2018/03/07/10000276/ce8fw1w.jpg
10000276	1245253150	1	3	http://mars-dev.skplanet.com/group/v1.0/dev_Group-seller/KRY12FXwM/clip/f0OcJTS.jpg	/data1/upload/st/editorImg/2018/03/07/10000276/f0OcJTS.jpg
10000276	1245253157	1	1	http://mars-dev.skplanet.com/group/v1.0/dev_Group-seller/KRY12FXwM/clip/heoD30z.jpg	/data1/upload/st/editorImg/2018/03/07/10000276/heoD30z.jpg
10000276	1245253157	1	2	http://mars-dev.skplanet.com/group/v1.0/dev_Group-seller/KRY12FXwM/clip/5qt260e.jpg	/data1/upload/st/editorImg/2018/03/07/10000276/5qt260e.jpg
10000276	1245253157	1	3	http://mars-dev.skplanet.com/group/v1.0/dev_Group-seller/KRY12FXwM/clip/dkVla1a.jpg	/data1/upload/st/editorImg/2018/03/07/10000276/dkVla1a.jpg
10000276	1245253160	1	1	http://mars-dev.skplanet.com/group/v1.0/dev_Group-seller/KRY12FXwM/clip/fkBbPV5.jpg	/data1/upload/st/editorImg/2018/03/07/10000276/fkBbPV5.jpg
10000276	1245253160	1	2	http://mars-dev.skplanet.com/group/v1.0/dev_Group-seller/KRY12FXwM/clip/7xvLnKD.jpg	/data1/upload/st/editorImg/2018/03/07/10000276/7xvLnKD.jpg
10000276	1245253160	1	3	http://mars-dev.skplanet.com/group/v1.0/dev_Group-seller/KRY12FXwM/clip/78cmzc8.jpg	/data1/upload/st/editorImg/2018/03/07/10000276/78cmzc8.jpg
10000276	1245253161	1	1	http://mars-dev.skplanet.com/group/v1.0/dev_Group-seller/KRY12FXwM/clip/7V5obD6.jpg	/data1/upload/st/editorImg/2018/03/07/10000276/7V5obD6.jpg
10000276	1245253161	1	2	http://mars-dev.skplanet.com/group/v1.0/dev_Group-seller/KRY12FXwM/clip/6EEj4d8.jpg	/data1/upload/st/editorImg/2018/03/07/10000276/6EEj4d8.jpg
10000276	1245253161	1	3	http://mars-dev.skplanet.com/group/v1.0/dev_Group-seller/KRY12FXwM/clip/bnH0E1d.jpg	/data1/upload/st/editorImg/2018/03/07/10000276/bnH0E1d.jpg
10000276	1245253163	1	1	http://mars-dev.skplanet.com/group/v1.0/dev_Group-seller/KRY12FXwM/clip/7V5obD6.jpg	/data1/upload/st/editorImg/2018/03/07/10000276/7V5obD6.jpg
10000276	1245253163	1	2	http://mars-dev.skplanet.com/group/v1.0/dev_Group-seller/KRY12FXwM/clip/6EEj4d8.jpg	/data1/upload/st/editorImg/2018/03/07/10000276/6EEj4d8.jpg
10000276	1245253163	1	3	http://mars-dev.skplanet.com/group/v1.0/dev_Group-seller/KRY12FXwM/clip/bnH0E1d.jpg	/data1/upload/st/editorImg/2018/03/07/10000276/bnH0E1d.jpg
10000276	1245253164	1	1	http://mars-dev.skplanet.com/group/v1.0/dev_Group-seller/KRY12FXwM/clip/7V5obD6.jpg	/data1/upload/st/editorImg/2018/03/07/10000276/7V5obD6.jpg
10000276	1245253164	1	2	http://mars-dev.skplanet.com/group/v1.0/dev_Group-seller/KRY12FXwM/clip/6EEj4d8.jpg	/data1/upload/st/editorImg/2018/03/07/10000276/6EEj4d8.jpg
10000276	1245253164	1	3	http://mars-dev.skplanet.com/group/v1.0/dev_Group-seller/KRY12FXwM/clip/bnH0E1d.jpg	/data1/upload/st/editorImg/2018/03/07/10000276/bnH0E1d.jpg
10000276	1245253165	1	1	http://mars-dev.skplanet.com/group/v1.0/dev_Group-seller/KRY12FXwM/clip/7V5obD6.jpg	/data1/upload/st/editorImg/2018/03/07/10000276/7V5obD6.jpg
10000276	1245253165	1	2	http://mars-dev.skplanet.com/group/v1.0/dev_Group-seller/KRY12FXwM/clip/6EEj4d8.jpg	/data1/upload/st/editorImg/2018/03/07/10000276/6EEj4d8.jpg
10000276	1245253165	1	3	http://mars-dev.skplanet.com/group/v1.0/dev_Group-seller/KRY12FXwM/clip/bnH0E1d.jpg	/data1/upload/st/editorImg/2018/03/07/10000276/bnH0E1d.jpg
10000276	1245253166	1	1	http://mars-dev.skplanet.com/group/v1.0/dev_Group-seller/KRY12FXwM/clip/7V5obD6.jpg	/data1/upload/st/editorImg/2018/03/07/10000276/7V5obD6.jpg
10000276	1245253166	1	2	http://mars-dev.skplanet.com/group/v1.0/dev_Group-seller/KRY12FXwM/clip/6EEj4d8.jpg	/data1/upload/st/editorImg/2018/03/07/10000276/6EEj4d8.jpg
10000276	1245253166	1	3	http://mars-dev.skplanet.com/group/v1.0/dev_Group-seller/KRY12FXwM/clip/bnH0E1d.jpg	/data1/upload/st/editorImg/2018/03/07/10000276/bnH0E1d.jpg